{
    "Agent": {
        "total": 193.55291390419006
    },
    "Env": {
        "apply_act": 18.904538869857788,
        "observation_computation": 3.998335838317871,
        "powerflow_computation": 18.538840532302856,
        "total": 41.441715240478516
    },
    "total": 235.38197946548462
}